[2026-08-24T07:14:30.349+0000] {manager.py:483} INFO - Processing files using up to 2 processes at a time 
[2026-08-24T07:14:30.391+0000] {manager.py:484} INFO - Process each file at most once every 30 seconds
[2026-08-24T07:14:30.450+0000] {manager.py:485} INFO - Checking for new files in /opt/airflow/dags every 300 seconds
[2026-08-24T07:14:30.466+0000] {manager.py:821} INFO - Searching for files in /opt/airflow/dags
[2026-08-24T07:14:31.277+0000] {manager.py:824} INFO - There are 1 files in /opt/airflow/dags
[2026-08-24T07:14:32.524+0000] {manager.py:997} INFO - 
================================================================================
DAG File Processing Stats

File Path                            PID  Runtime      # DAGs    # Errors  Last Runtime    Last Run      Last # of DB Queries
---------------------------------  -----  ---------  --------  ----------  --------------  ----------  ----------------------
/opt/airflow/dags/01_hello_dag.py    104  0.24s             0           0                                                   0
================================================================================
[2026-08-24T07:14:56.504+0000] {manager.py:465} INFO - Exiting gracefully upon receiving signal 15
[2026-08-24T07:18:49.323+0000] {manager.py:483} INFO - Processing files using up to 2 processes at a time 
[2026-08-24T07:18:49.327+0000] {manager.py:484} INFO - Process each file at most once every 30 seconds
[2026-08-24T07:18:49.329+0000] {manager.py:485} INFO - Checking for new files in /opt/airflow/dags every 300 seconds
[2026-08-24T07:18:49.331+0000] {manager.py:821} INFO - Searching for files in /opt/airflow/dags
[2026-08-24T07:18:49.381+0000] {manager.py:824} INFO - There are 1 files in /opt/airflow/dags
[2026-08-24T07:18:49.629+0000] {manager.py:997} INFO - 
================================================================================
DAG File Processing Stats

File Path                            PID  Runtime      # DAGs    # Errors  Last Runtime    Last Run      Last # of DB Queries
---------------------------------  -----  ---------  --------  ----------  --------------  ----------  ----------------------
/opt/airflow/dags/01_hello_dag.py     94  0.07s             0           0                                                   0
================================================================================
[2026-08-24T07:19:20.211+0000] {manager.py:997} INFO - 
================================================================================
DAG File Processing Stats

File Path                          PID    Runtime      # DAGs    # Errors  Last Runtime    Last Run               Last # of DB Queries
---------------------------------  -----  ---------  --------  ----------  --------------  -------------------  ----------------------
/opt/airflow/dags/01_hello_dag.py                           1           0  1.76s           2026-08-24T07:18:51                      43
================================================================================
[2026-08-24T07:19:50.402+0000] {manager.py:997} INFO - 
================================================================================
DAG File Processing Stats

File Path                          PID    Runtime      # DAGs    # Errors  Last Runtime    Last Run               Last # of DB Queries
---------------------------------  -----  ---------  --------  ----------  --------------  -------------------  ----------------------
/opt/airflow/dags/01_hello_dag.py                           1           0  0.44s           2026-08-24T07:19:21                      10
================================================================================
[2026-08-24T07:20:20.478+0000] {manager.py:997} INFO - 
================================================================================
DAG File Processing Stats

File Path                          PID    Runtime      # DAGs    # Errors  Last Runtime    Last Run               Last # of DB Queries
---------------------------------  -----  ---------  --------  ----------  --------------  -------------------  ----------------------
/opt/airflow/dags/01_hello_dag.py                           1           0  0.28s           2026-08-24T07:19:52                      10
================================================================================
[2026-08-24T07:20:51.062+0000] {manager.py:997} INFO - 
================================================================================
DAG File Processing Stats

File Path                          PID    Runtime      # DAGs    # Errors  Last Runtime    Last Run               Last # of DB Queries
---------------------------------  -----  ---------  --------  ----------  --------------  -------------------  ----------------------
/opt/airflow/dags/01_hello_dag.py                           1           0  0.33s           2026-08-24T07:20:22                      10
================================================================================
[2026-08-24T07:21:21.420+0000] {manager.py:997} INFO - 
================================================================================
DAG File Processing Stats

File Path                          PID    Runtime      # DAGs    # Errors  Last Runtime    Last Run               Last # of DB Queries
---------------------------------  -----  ---------  --------  ----------  --------------  -------------------  ----------------------
/opt/airflow/dags/01_hello_dag.py                           1           0  0.29s           2026-08-24T07:20:53                      10
================================================================================
[2026-08-24T07:21:51.965+0000] {manager.py:997} INFO - 
================================================================================
DAG File Processing Stats

File Path                          PID    Runtime      # DAGs    # Errors  Last Runtime    Last Run               Last # of DB Queries
---------------------------------  -----  ---------  --------  ----------  --------------  -------------------  ----------------------
/opt/airflow/dags/01_hello_dag.py                           1           0  0.34s           2026-08-24T07:21:23                      10
================================================================================
[2026-08-24T07:22:22.290+0000] {manager.py:997} INFO - 
================================================================================
DAG File Processing Stats

File Path                          PID    Runtime      # DAGs    # Errors  Last Runtime    Last Run               Last # of DB Queries
---------------------------------  -----  ---------  --------  ----------  --------------  -------------------  ----------------------
/opt/airflow/dags/01_hello_dag.py                           1           0  0.17s           2026-08-24T07:21:54                      10
================================================================================
[2026-08-24T07:22:52.603+0000] {manager.py:997} INFO - 
================================================================================
DAG File Processing Stats

File Path                          PID    Runtime      # DAGs    # Errors  Last Runtime    Last Run               Last # of DB Queries
---------------------------------  -----  ---------  --------  ----------  --------------  -------------------  ----------------------
/opt/airflow/dags/01_hello_dag.py                           1           0  0.17s           2026-08-24T07:22:24                      10
================================================================================
[2026-08-24T07:23:23.157+0000] {manager.py:997} INFO - 
================================================================================
DAG File Processing Stats

File Path                          PID    Runtime      # DAGs    # Errors  Last Runtime    Last Run               Last # of DB Queries
---------------------------------  -----  ---------  --------  ----------  --------------  -------------------  ----------------------
/opt/airflow/dags/01_hello_dag.py                           1           0  0.20s           2026-08-24T07:22:54                      10
================================================================================
[2026-08-24T07:23:49.506+0000] {manager.py:821} INFO - Searching for files in /opt/airflow/dags
[2026-08-24T07:23:49.534+0000] {manager.py:824} INFO - There are 1 files in /opt/airflow/dags
[2026-08-24T07:23:53.589+0000] {manager.py:997} INFO - 
================================================================================
DAG File Processing Stats

File Path                          PID    Runtime      # DAGs    # Errors  Last Runtime    Last Run               Last # of DB Queries
---------------------------------  -----  ---------  --------  ----------  --------------  -------------------  ----------------------
/opt/airflow/dags/01_hello_dag.py                           1           0  0.22s           2026-08-24T07:23:25                      10
================================================================================
[2026-08-24T07:24:24.161+0000] {manager.py:997} INFO - 
================================================================================
DAG File Processing Stats

File Path                          PID    Runtime      # DAGs    # Errors  Last Runtime    Last Run               Last # of DB Queries
---------------------------------  -----  ---------  --------  ----------  --------------  -------------------  ----------------------
/opt/airflow/dags/01_hello_dag.py                           1           0  0.20s           2026-08-24T07:23:55                      10
================================================================================
[2026-08-24T07:24:54.456+0000] {manager.py:997} INFO - 
================================================================================
DAG File Processing Stats

File Path                          PID    Runtime      # DAGs    # Errors  Last Runtime    Last Run               Last # of DB Queries
---------------------------------  -----  ---------  --------  ----------  --------------  -------------------  ----------------------
/opt/airflow/dags/01_hello_dag.py                           1           0  0.44s           2026-08-24T07:24:26                      10
================================================================================
[2026-08-24T07:25:24.828+0000] {manager.py:997} INFO - 
================================================================================
DAG File Processing Stats

File Path                          PID    Runtime      # DAGs    # Errors  Last Runtime    Last Run               Last # of DB Queries
---------------------------------  -----  ---------  --------  ----------  --------------  -------------------  ----------------------
/opt/airflow/dags/01_hello_dag.py                           1           0  0.59s           2026-08-24T07:24:57                      10
================================================================================
[2026-08-24T07:25:55.274+0000] {manager.py:997} INFO - 
================================================================================
DAG File Processing Stats

File Path                          PID    Runtime      # DAGs    # Errors  Last Runtime    Last Run               Last # of DB Queries
---------------------------------  -----  ---------  --------  ----------  --------------  -------------------  ----------------------
/opt/airflow/dags/01_hello_dag.py                           1           0  0.19s           2026-08-24T07:25:28                      10
================================================================================
[2026-08-24T07:26:25.583+0000] {manager.py:997} INFO - 
================================================================================
DAG File Processing Stats

File Path                          PID    Runtime      # DAGs    # Errors  Last Runtime    Last Run               Last # of DB Queries
---------------------------------  -----  ---------  --------  ----------  --------------  -------------------  ----------------------
/opt/airflow/dags/01_hello_dag.py                           1           0  0.48s           2026-08-24T07:25:58                      10
================================================================================
[2026-08-24T07:26:56.373+0000] {manager.py:997} INFO - 
================================================================================
DAG File Processing Stats

File Path                          PID    Runtime      # DAGs    # Errors  Last Runtime    Last Run               Last # of DB Queries
---------------------------------  -----  ---------  --------  ----------  --------------  -------------------  ----------------------
/opt/airflow/dags/01_hello_dag.py                           1           0  0.18s           2026-08-24T07:26:29                      10
================================================================================
[2026-08-24T07:27:26.840+0000] {manager.py:997} INFO - 
================================================================================
DAG File Processing Stats

File Path                          PID    Runtime      # DAGs    # Errors  Last Runtime    Last Run               Last # of DB Queries
---------------------------------  -----  ---------  --------  ----------  --------------  -------------------  ----------------------
/opt/airflow/dags/01_hello_dag.py                           1           0  0.37s           2026-08-24T07:26:59                      10
================================================================================
[2026-08-24T07:27:57.338+0000] {manager.py:997} INFO - 
================================================================================
DAG File Processing Stats

File Path                          PID    Runtime      # DAGs    # Errors  Last Runtime    Last Run               Last # of DB Queries
---------------------------------  -----  ---------  --------  ----------  --------------  -------------------  ----------------------
/opt/airflow/dags/01_hello_dag.py                           1           0  0.37s           2026-08-24T07:27:30                      10
================================================================================
[2026-08-24T07:28:27.409+0000] {manager.py:997} INFO - 
================================================================================
DAG File Processing Stats

File Path                          PID    Runtime      # DAGs    # Errors  Last Runtime    Last Run               Last # of DB Queries
---------------------------------  -----  ---------  --------  ----------  --------------  -------------------  ----------------------
/opt/airflow/dags/01_hello_dag.py                           1           0  0.80s           2026-08-24T07:28:01                      10
================================================================================
[2026-08-24T07:28:49.681+0000] {manager.py:821} INFO - Searching for files in /opt/airflow/dags
[2026-08-24T07:28:49.713+0000] {manager.py:824} INFO - There are 1 files in /opt/airflow/dags
[2026-08-24T07:28:57.815+0000] {manager.py:997} INFO - 
================================================================================
DAG File Processing Stats

File Path                          PID    Runtime      # DAGs    # Errors  Last Runtime    Last Run               Last # of DB Queries
---------------------------------  -----  ---------  --------  ----------  --------------  -------------------  ----------------------
/opt/airflow/dags/01_hello_dag.py                           1           0  0.22s           2026-08-24T07:28:31                      10
================================================================================
[2026-08-24T07:29:28.237+0000] {manager.py:997} INFO - 
================================================================================
DAG File Processing Stats

File Path                          PID    Runtime      # DAGs    # Errors  Last Runtime    Last Run               Last # of DB Queries
---------------------------------  -----  ---------  --------  ----------  --------------  -------------------  ----------------------
/opt/airflow/dags/01_hello_dag.py                           1           0  0.33s           2026-08-24T07:29:02                      10
================================================================================
[2026-08-24T07:29:58.711+0000] {manager.py:997} INFO - 
================================================================================
DAG File Processing Stats

File Path                          PID    Runtime      # DAGs    # Errors  Last Runtime    Last Run               Last # of DB Queries
---------------------------------  -----  ---------  --------  ----------  --------------  -------------------  ----------------------
/opt/airflow/dags/01_hello_dag.py                           1           0  0.25s           2026-08-24T07:29:32                      10
================================================================================
[2026-08-24T07:30:29.227+0000] {manager.py:997} INFO - 
================================================================================
DAG File Processing Stats

File Path                          PID    Runtime      # DAGs    # Errors  Last Runtime    Last Run               Last # of DB Queries
---------------------------------  -----  ---------  --------  ----------  --------------  -------------------  ----------------------
/opt/airflow/dags/01_hello_dag.py                           1           0  0.41s           2026-08-24T07:30:03                      10
================================================================================
[2026-08-24T07:30:59.281+0000] {manager.py:997} INFO - 
================================================================================
DAG File Processing Stats

File Path                          PID    Runtime      # DAGs    # Errors  Last Runtime    Last Run               Last # of DB Queries
---------------------------------  -----  ---------  --------  ----------  --------------  -------------------  ----------------------
/opt/airflow/dags/01_hello_dag.py                           1           0  2.02s           2026-08-24T07:30:35                      10
================================================================================
[2026-08-24T07:31:29.646+0000] {manager.py:997} INFO - 
================================================================================
DAG File Processing Stats

File Path                          PID    Runtime      # DAGs    # Errors  Last Runtime    Last Run               Last # of DB Queries
---------------------------------  -----  ---------  --------  ----------  --------------  -------------------  ----------------------
/opt/airflow/dags/01_hello_dag.py                           1           0  0.49s           2026-08-24T07:31:06                      10
================================================================================
[2026-08-24T07:32:00.165+0000] {manager.py:997} INFO - 
================================================================================
DAG File Processing Stats

File Path                          PID    Runtime      # DAGs    # Errors  Last Runtime    Last Run               Last # of DB Queries
---------------------------------  -----  ---------  --------  ----------  --------------  -------------------  ----------------------
/opt/airflow/dags/01_hello_dag.py                           1           0  0.17s           2026-08-24T07:31:36                      10
================================================================================
[2026-08-24T07:32:30.853+0000] {manager.py:997} INFO - 
================================================================================
DAG File Processing Stats

File Path                          PID    Runtime      # DAGs    # Errors  Last Runtime    Last Run               Last # of DB Queries
---------------------------------  -----  ---------  --------  ----------  --------------  -------------------  ----------------------
/opt/airflow/dags/01_hello_dag.py                           1           0  0.22s           2026-08-24T07:32:07                      10
================================================================================
[2026-08-24T07:33:01.357+0000] {manager.py:997} INFO - 
================================================================================
DAG File Processing Stats

File Path                          PID    Runtime      # DAGs    # Errors  Last Runtime    Last Run               Last # of DB Queries
---------------------------------  -----  ---------  --------  ----------  --------------  -------------------  ----------------------
/opt/airflow/dags/01_hello_dag.py                           1           0  0.24s           2026-08-24T07:32:38                      10
================================================================================
[2026-08-24T07:33:28.211+0000] {manager.py:465} INFO - Exiting gracefully upon receiving signal 15
[2026-08-24T07:35:22.772+0000] {manager.py:483} INFO - Processing files using up to 2 processes at a time 
[2026-08-24T07:35:22.780+0000] {manager.py:484} INFO - Process each file at most once every 30 seconds
[2026-08-24T07:35:22.783+0000] {manager.py:485} INFO - Checking for new files in /opt/airflow/dags every 300 seconds
[2026-08-24T07:35:22.788+0000] {manager.py:821} INFO - Searching for files in /opt/airflow/dags
[2026-08-24T07:35:22.932+0000] {manager.py:824} INFO - There are 5 files in /opt/airflow/dags
[2026-08-24T07:35:23.760+0000] {manager.py:997} INFO - 
================================================================================
DAG File Processing Stats

File Path                                       PID  Runtime      # DAGs    # Errors  Last Runtime    Last Run      Last # of DB Queries
--------------------------------------------  -----  ---------  --------  ----------  --------------  ----------  ----------------------
/opt/airflow/dags/01_hello_dag.py                                      0           0                                                   0
/opt/airflow/dags/02_xcom_dag.py                                       0           0                                                   0
/opt/airflow/dags/03_branching_dag.py                                  0           0                                                   0
/opt/airflow/dags/04_parallel_weather.py         90  0.17s             0           0                                                   0
/opt/airflow/dags/05_etl_weather_postgres.py     89  0.23s             0           0                                                   0
================================================================================
[2026-08-24T07:35:54.211+0000] {manager.py:997} INFO - 
================================================================================
DAG File Processing Stats

File Path                                     PID    Runtime      # DAGs    # Errors  Last Runtime    Last Run               Last # of DB Queries
--------------------------------------------  -----  ---------  --------  ----------  --------------  -------------------  ----------------------
/opt/airflow/dags/05_etl_weather_postgres.py                           1           0  2.52s           2026-08-24T07:35:26                      43
/opt/airflow/dags/04_parallel_weather.py                               1           0  2.37s           2026-08-24T07:35:25                      43
/opt/airflow/dags/02_xcom_dag.py                                       1           0  1.46s           2026-08-24T07:35:27                      43
/opt/airflow/dags/03_branching_dag.py                                  1           0  1.31s           2026-08-24T07:35:27                      43
/opt/airflow/dags/01_hello_dag.py                                      1           0  0.73s           2026-08-24T07:35:28                      10
================================================================================
[2026-08-24T07:36:24.344+0000] {manager.py:997} INFO - 
================================================================================
DAG File Processing Stats

File Path                                     PID    Runtime      # DAGs    # Errors  Last Runtime    Last Run               Last # of DB Queries
--------------------------------------------  -----  ---------  --------  ----------  --------------  -------------------  ----------------------
/opt/airflow/dags/03_branching_dag.py                                  1           0  0.95s           2026-08-24T07:35:58                      10
/opt/airflow/dags/02_xcom_dag.py                                       1           0  0.92s           2026-08-24T07:35:58                      10
/opt/airflow/dags/05_etl_weather_postgres.py                           1           0  0.55s           2026-08-24T07:35:56                      10
/opt/airflow/dags/04_parallel_weather.py                               1           0  0.48s           2026-08-24T07:35:56                      10
/opt/airflow/dags/01_hello_dag.py                                      1           0  0.34s           2026-08-24T07:35:59                      10
================================================================================
[2026-08-24T07:36:54.689+0000] {manager.py:997} INFO - 
================================================================================
DAG File Processing Stats

File Path                                     PID    Runtime      # DAGs    # Errors  Last Runtime    Last Run               Last # of DB Queries
--------------------------------------------  -----  ---------  --------  ----------  --------------  -------------------  ----------------------
/opt/airflow/dags/04_parallel_weather.py                               1           0  0.45s           2026-08-24T07:36:27                      10
/opt/airflow/dags/05_etl_weather_postgres.py                           1           0  0.41s           2026-08-24T07:36:27                      10
/opt/airflow/dags/02_xcom_dag.py                                       1           0  0.35s           2026-08-24T07:36:29                      10
/opt/airflow/dags/03_branching_dag.py                                  1           0  0.31s           2026-08-24T07:36:29                      10
/opt/airflow/dags/01_hello_dag.py                                      1           0  0.18s           2026-08-24T07:36:29                      10
================================================================================
[2026-08-24T07:37:24.853+0000] {manager.py:997} INFO - 
================================================================================
DAG File Processing Stats

File Path                                     PID    Runtime      # DAGs    # Errors  Last Runtime    Last Run               Last # of DB Queries
--------------------------------------------  -----  ---------  --------  ----------  --------------  -------------------  ----------------------
/opt/airflow/dags/02_xcom_dag.py                                       1           0  0.75s           2026-08-24T07:37:00                      10
/opt/airflow/dags/01_hello_dag.py                                      1           0  0.69s           2026-08-24T07:37:00                      10
/opt/airflow/dags/03_branching_dag.py                                  1           0  0.67s           2026-08-24T07:37:00                      10
/opt/airflow/dags/04_parallel_weather.py                               1           0  0.44s           2026-08-24T07:36:58                      10
/opt/airflow/dags/05_etl_weather_postgres.py                           1           0  0.44s           2026-08-24T07:36:58                      10
================================================================================
[2026-08-24T07:37:54.885+0000] {manager.py:997} INFO - 
================================================================================
DAG File Processing Stats

File Path                                     PID    Runtime      # DAGs    # Errors  Last Runtime    Last Run               Last # of DB Queries
--------------------------------------------  -----  ---------  --------  ----------  --------------  -------------------  ----------------------
/opt/airflow/dags/03_branching_dag.py                                  1           0  0.97s           2026-08-24T07:37:31                      10
/opt/airflow/dags/02_xcom_dag.py                                       1           0  0.87s           2026-08-24T07:37:31                      10
/opt/airflow/dags/05_etl_weather_postgres.py                           1           0  0.76s           2026-08-24T07:37:29                      10
/opt/airflow/dags/04_parallel_weather.py                               1           0  0.76s           2026-08-24T07:37:29                      10
/opt/airflow/dags/01_hello_dag.py                                      1           0  0.48s           2026-08-24T07:37:32                      10
================================================================================
[2026-08-24T07:38:25.579+0000] {manager.py:997} INFO - 
================================================================================
DAG File Processing Stats

File Path                                     PID    Runtime      # DAGs    # Errors  Last Runtime    Last Run               Last # of DB Queries
--------------------------------------------  -----  ---------  --------  ----------  --------------  -------------------  ----------------------
/opt/airflow/dags/04_parallel_weather.py                               1           0  1.58s           2026-08-24T07:38:01                      10
/opt/airflow/dags/05_etl_weather_postgres.py                           1           0  1.52s           2026-08-24T07:38:01                      10
/opt/airflow/dags/02_xcom_dag.py                                       1           0  1.22s           2026-08-24T07:38:03                      10
/opt/airflow/dags/03_branching_dag.py                                  1           0  1.20s           2026-08-24T07:38:02                      10
/opt/airflow/dags/01_hello_dag.py                                      1           0  1.11s           2026-08-24T07:38:04                      10
================================================================================
[2026-08-24T07:38:56.177+0000] {manager.py:997} INFO - 
================================================================================
DAG File Processing Stats

File Path                                     PID    Runtime      # DAGs    # Errors  Last Runtime    Last Run               Last # of DB Queries
--------------------------------------------  -----  ---------  --------  ----------  --------------  -------------------  ----------------------
/opt/airflow/dags/05_etl_weather_postgres.py                           1           0  1.01s           2026-08-24T07:38:32                      10
/opt/airflow/dags/04_parallel_weather.py                               1           0  0.99s           2026-08-24T07:38:33                      10
/opt/airflow/dags/01_hello_dag.py                                      1           0  0.86s           2026-08-24T07:38:35                      10
/opt/airflow/dags/02_xcom_dag.py                                       1           0  0.80s           2026-08-24T07:38:34                      10
/opt/airflow/dags/03_branching_dag.py                                  1           0  0.68s           2026-08-24T07:38:33                      10
================================================================================
[2026-08-24T07:39:26.625+0000] {manager.py:997} INFO - 
================================================================================
DAG File Processing Stats

File Path                                     PID    Runtime      # DAGs    # Errors  Last Runtime    Last Run               Last # of DB Queries
--------------------------------------------  -----  ---------  --------  ----------  --------------  -------------------  ----------------------
/opt/airflow/dags/02_xcom_dag.py                                       1           0  0.86s           2026-08-24T07:39:05                      10
/opt/airflow/dags/01_hello_dag.py                                      1           0  0.83s           2026-08-24T07:39:06                      10
/opt/airflow/dags/04_parallel_weather.py                               1           0  0.60s           2026-08-24T07:39:04                      10
/opt/airflow/dags/05_etl_weather_postgres.py                           1           0  0.57s           2026-08-24T07:39:03                      10
/opt/airflow/dags/03_branching_dag.py                                  1           0  0.46s           2026-08-24T07:39:04                      10
================================================================================
[2026-08-24T07:39:57.121+0000] {manager.py:997} INFO - 
================================================================================
DAG File Processing Stats

File Path                                     PID    Runtime      # DAGs    # Errors  Last Runtime    Last Run               Last # of DB Queries
--------------------------------------------  -----  ---------  --------  ----------  --------------  -------------------  ----------------------
/opt/airflow/dags/04_parallel_weather.py                               1           0  0.60s           2026-08-24T07:39:34                      10
/opt/airflow/dags/05_etl_weather_postgres.py                           1           0  0.58s           2026-08-24T07:39:34                      10
/opt/airflow/dags/01_hello_dag.py                                      1           0  0.45s           2026-08-24T07:39:37                      10
/opt/airflow/dags/03_branching_dag.py                                  1           0  0.44s           2026-08-24T07:39:35                      10
/opt/airflow/dags/02_xcom_dag.py                                       1           0  0.43s           2026-08-24T07:39:36                      10
================================================================================
[2026-08-24T07:40:22.956+0000] {manager.py:821} INFO - Searching for files in /opt/airflow/dags
[2026-08-24T07:40:23.861+0000] {manager.py:824} INFO - There are 5 files in /opt/airflow/dags
[2026-08-24T07:40:28.145+0000] {manager.py:997} INFO - 
================================================================================
DAG File Processing Stats

File Path                                     PID    Runtime      # DAGs    # Errors  Last Runtime    Last Run               Last # of DB Queries
--------------------------------------------  -----  ---------  --------  ----------  --------------  -------------------  ----------------------
/opt/airflow/dags/04_parallel_weather.py                               1           0  0.65s           2026-08-24T07:40:06                      10
/opt/airflow/dags/05_etl_weather_postgres.py                           1           0  0.64s           2026-08-24T07:40:05                      10
/opt/airflow/dags/02_xcom_dag.py                                       1           0  0.47s           2026-08-24T07:40:07                      10
/opt/airflow/dags/01_hello_dag.py                                      1           0  0.47s           2026-08-24T07:40:08                      10
/opt/airflow/dags/03_branching_dag.py                                  1           0  0.43s           2026-08-24T07:40:06                      10
================================================================================
[2026-08-24T07:40:58.925+0000] {manager.py:997} INFO - 
================================================================================
DAG File Processing Stats

File Path                                     PID    Runtime      # DAGs    # Errors  Last Runtime    Last Run               Last # of DB Queries
--------------------------------------------  -----  ---------  --------  ----------  --------------  -------------------  ----------------------
/opt/airflow/dags/04_parallel_weather.py                               1           0  1.18s           2026-08-24T07:40:37                      10
/opt/airflow/dags/05_etl_weather_postgres.py                           1           0  1.15s           2026-08-24T07:40:37                      10
/opt/airflow/dags/03_branching_dag.py                                  1           0  0.78s           2026-08-24T07:40:38                      10
/opt/airflow/dags/02_xcom_dag.py                                       1           0  0.64s           2026-08-24T07:40:39                      10
/opt/airflow/dags/01_hello_dag.py                                      1           0  0.62s           2026-08-24T07:40:39                      10
================================================================================
[2026-08-24T07:41:29.229+0000] {manager.py:997} INFO - 
================================================================================
DAG File Processing Stats

File Path                                     PID    Runtime      # DAGs    # Errors  Last Runtime    Last Run               Last # of DB Queries
--------------------------------------------  -----  ---------  --------  ----------  --------------  -------------------  ----------------------
/opt/airflow/dags/05_etl_weather_postgres.py                           1           0  1.21s           2026-08-24T07:41:09                      10
/opt/airflow/dags/04_parallel_weather.py                               1           0  1.03s           2026-08-24T07:41:09                      10
/opt/airflow/dags/02_xcom_dag.py                                       1           0  0.90s           2026-08-24T07:41:10                      10
/opt/airflow/dags/03_branching_dag.py                                  1           0  0.71s           2026-08-24T07:41:10                      10
/opt/airflow/dags/01_hello_dag.py                                      1           0  0.68s           2026-08-24T07:41:11                      10
================================================================================
[2026-08-24T07:41:59.372+0000] {manager.py:997} INFO - 
================================================================================
DAG File Processing Stats

File Path                                     PID    Runtime      # DAGs    # Errors  Last Runtime    Last Run               Last # of DB Queries
--------------------------------------------  -----  ---------  --------  ----------  --------------  -------------------  ----------------------
/opt/airflow/dags/05_etl_weather_postgres.py                           1           0  0.62s           2026-08-24T07:41:40                      10
/opt/airflow/dags/04_parallel_weather.py                               1           0  0.60s           2026-08-24T07:41:40                      10
/opt/airflow/dags/01_hello_dag.py                                      1           0  0.55s           2026-08-24T07:41:41                      10
/opt/airflow/dags/02_xcom_dag.py                                       1           0  0.50s           2026-08-24T07:41:41                      10
/opt/airflow/dags/03_branching_dag.py                                  1           0  0.47s           2026-08-24T07:41:41                      10
================================================================================
[2026-08-24T07:42:29.811+0000] {manager.py:997} INFO - 
================================================================================
DAG File Processing Stats

File Path                                     PID    Runtime      # DAGs    # Errors  Last Runtime    Last Run               Last # of DB Queries
--------------------------------------------  -----  ---------  --------  ----------  --------------  -------------------  ----------------------
/opt/airflow/dags/04_parallel_weather.py                               1           0  0.71s           2026-08-24T07:42:12                      10
/opt/airflow/dags/05_etl_weather_postgres.py                           1           0  0.63s           2026-08-24T07:42:11                      10
/opt/airflow/dags/02_xcom_dag.py                                       1           0  0.57s           2026-08-24T07:42:12                      10
/opt/airflow/dags/03_branching_dag.py                                  1           0  0.55s           2026-08-24T07:42:12                      10
/opt/airflow/dags/01_hello_dag.py                                      1           0  0.41s           2026-08-24T07:42:13                      10
================================================================================
[2026-08-24T07:43:00.051+0000] {manager.py:997} INFO - 
================================================================================
DAG File Processing Stats

File Path                                     PID    Runtime      # DAGs    # Errors  Last Runtime    Last Run               Last # of DB Queries
--------------------------------------------  -----  ---------  --------  ----------  --------------  -------------------  ----------------------
/opt/airflow/dags/05_etl_weather_postgres.py                           1           0  0.51s           2026-08-24T07:42:42                      10
/opt/airflow/dags/02_xcom_dag.py                                       1           0  0.50s           2026-08-24T07:42:43                      10
/opt/airflow/dags/01_hello_dag.py                                      1           0  0.47s           2026-08-24T07:42:44                      10
/opt/airflow/dags/04_parallel_weather.py                               1           0  0.47s           2026-08-24T07:42:43                      10
/opt/airflow/dags/03_branching_dag.py                                  1           0  0.39s           2026-08-24T07:42:42                      10
================================================================================
[2026-08-24T07:43:30.233+0000] {manager.py:997} INFO - 
================================================================================
DAG File Processing Stats

File Path                                     PID    Runtime      # DAGs    # Errors  Last Runtime    Last Run               Last # of DB Queries
--------------------------------------------  -----  ---------  --------  ----------  --------------  -------------------  ----------------------
/opt/airflow/dags/01_hello_dag.py                                      1           0  1.02s           2026-08-24T07:43:15                      10
/opt/airflow/dags/04_parallel_weather.py                               1           0  0.97s           2026-08-24T07:43:14                      10
/opt/airflow/dags/02_xcom_dag.py                                       1           0  0.96s           2026-08-24T07:43:14                      10
/opt/airflow/dags/05_etl_weather_postgres.py                           1           0  0.92s           2026-08-24T07:43:13                      10
/opt/airflow/dags/03_branching_dag.py                                  1           0  0.78s           2026-08-24T07:43:13                      10
================================================================================
[2026-08-24T07:44:00.680+0000] {manager.py:997} INFO - 
================================================================================
DAG File Processing Stats

File Path                                     PID    Runtime      # DAGs    # Errors  Last Runtime    Last Run               Last # of DB Queries
--------------------------------------------  -----  ---------  --------  ----------  --------------  -------------------  ----------------------
/opt/airflow/dags/01_hello_dag.py                                      1           0  0.64s           2026-08-24T07:43:46                      10
/opt/airflow/dags/04_parallel_weather.py                               1           0  0.56s           2026-08-24T07:43:45                      10
/opt/airflow/dags/03_branching_dag.py                                  1           0  0.48s           2026-08-24T07:43:44                      10
/opt/airflow/dags/05_etl_weather_postgres.py                           1           0  0.47s           2026-08-24T07:43:44                      10
/opt/airflow/dags/02_xcom_dag.py                                       1           0  0.47s           2026-08-24T07:43:45                      10
================================================================================
[2026-08-24T07:44:31.138+0000] {manager.py:997} INFO - 
================================================================================
DAG File Processing Stats

File Path                                     PID    Runtime      # DAGs    # Errors  Last Runtime    Last Run               Last # of DB Queries
--------------------------------------------  -----  ---------  --------  ----------  --------------  -------------------  ----------------------
/opt/airflow/dags/05_etl_weather_postgres.py                           1           0  0.60s           2026-08-24T07:44:15                      10
/opt/airflow/dags/03_branching_dag.py                                  1           0  0.55s           2026-08-24T07:44:15                      10
/opt/airflow/dags/01_hello_dag.py                                      1           0  0.50s           2026-08-24T07:44:17                      10
/opt/airflow/dags/02_xcom_dag.py                                       1           0  0.44s           2026-08-24T07:44:16                      10
/opt/airflow/dags/04_parallel_weather.py                               1           0  0.43s           2026-08-24T07:44:15                      10
================================================================================
[2026-08-24T07:45:01.911+0000] {manager.py:997} INFO - 
================================================================================
DAG File Processing Stats

File Path                                     PID    Runtime      # DAGs    # Errors  Last Runtime    Last Run               Last # of DB Queries
--------------------------------------------  -----  ---------  --------  ----------  --------------  -------------------  ----------------------
/opt/airflow/dags/04_parallel_weather.py                               1           0  0.62s           2026-08-24T07:44:46                      10
/opt/airflow/dags/01_hello_dag.py                                      1           0  0.61s           2026-08-24T07:44:48                      10
/opt/airflow/dags/05_etl_weather_postgres.py                           1           0  0.61s           2026-08-24T07:44:46                      10
/opt/airflow/dags/02_xcom_dag.py                                       1           0  0.50s           2026-08-24T07:44:47                      10
/opt/airflow/dags/03_branching_dag.py                                  1           0  0.45s           2026-08-24T07:44:46                      10
================================================================================
[2026-08-24T07:45:23.200+0000] {manager.py:821} INFO - Searching for files in /opt/airflow/dags
[2026-08-24T07:45:23.445+0000] {manager.py:824} INFO - There are 5 files in /opt/airflow/dags
[2026-08-24T07:45:32.117+0000] {manager.py:997} INFO - 
================================================================================
DAG File Processing Stats

File Path                                     PID    Runtime      # DAGs    # Errors  Last Runtime    Last Run               Last # of DB Queries
--------------------------------------------  -----  ---------  --------  ----------  --------------  -------------------  ----------------------
/opt/airflow/dags/02_xcom_dag.py                                       1           0  1.44s           2026-08-24T07:45:20                      10
/opt/airflow/dags/03_branching_dag.py                                  1           0  1.39s           2026-08-24T07:45:19                      10
/opt/airflow/dags/05_etl_weather_postgres.py                           1           0  1.11s           2026-08-24T07:45:18                      10
/opt/airflow/dags/04_parallel_weather.py                               1           0  0.89s           2026-08-24T07:45:18                      10
/opt/airflow/dags/01_hello_dag.py                                      1           0  0.62s           2026-08-24T07:45:20                      10
================================================================================
[2026-08-24T07:46:02.198+0000] {manager.py:997} INFO - 
================================================================================
DAG File Processing Stats

File Path                                     PID    Runtime      # DAGs    # Errors  Last Runtime    Last Run               Last # of DB Queries
--------------------------------------------  -----  ---------  --------  ----------  --------------  -------------------  ----------------------
/opt/airflow/dags/03_branching_dag.py                                  1           0  0.78s           2026-08-24T07:45:51                      10
/opt/airflow/dags/02_xcom_dag.py                                       1           0  0.77s           2026-08-24T07:45:51                      10
/opt/airflow/dags/05_etl_weather_postgres.py                           1           0  0.76s           2026-08-24T07:45:49                      10
/opt/airflow/dags/04_parallel_weather.py                               1           0  0.74s           2026-08-24T07:45:49                      10
/opt/airflow/dags/01_hello_dag.py                                      1           0  0.55s           2026-08-24T07:45:51                      10
================================================================================
[2026-08-24T07:46:32.519+0000] {manager.py:997} INFO - 
================================================================================
DAG File Processing Stats

File Path                                     PID    Runtime      # DAGs    # Errors  Last Runtime    Last Run               Last # of DB Queries
--------------------------------------------  -----  ---------  --------  ----------  --------------  -------------------  ----------------------
/opt/airflow/dags/01_hello_dag.py                                      1           0  0.65s           2026-08-24T07:46:22                      10
/opt/airflow/dags/04_parallel_weather.py                               1           0  0.62s           2026-08-24T07:46:20                      10
/opt/airflow/dags/02_xcom_dag.py                                       1           0  0.61s           2026-08-24T07:46:21                      10
/opt/airflow/dags/05_etl_weather_postgres.py                           1           0  0.57s           2026-08-24T07:46:19                      10
/opt/airflow/dags/03_branching_dag.py                                  1           0  0.56s           2026-08-24T07:46:21                      10
================================================================================
[2026-08-24T07:47:02.664+0000] {manager.py:997} INFO - 
================================================================================
DAG File Processing Stats

File Path                                     PID    Runtime      # DAGs    # Errors  Last Runtime    Last Run               Last # of DB Queries
--------------------------------------------  -----  ---------  --------  ----------  --------------  -------------------  ----------------------
/opt/airflow/dags/02_xcom_dag.py                                       1           0  0.72s           2026-08-24T07:46:53                      10
/opt/airflow/dags/05_etl_weather_postgres.py                           1           0  0.63s           2026-08-24T07:46:50                      10
/opt/airflow/dags/03_branching_dag.py                                  1           0  0.57s           2026-08-24T07:46:52                      10
/opt/airflow/dags/04_parallel_weather.py                               1           0  0.54s           2026-08-24T07:46:50                      10
/opt/airflow/dags/01_hello_dag.py                                      1           0  0.47s           2026-08-24T07:46:53                      10
================================================================================
[2026-08-24T07:47:33.108+0000] {manager.py:997} INFO - 
================================================================================
DAG File Processing Stats

File Path                                     PID    Runtime      # DAGs    # Errors  Last Runtime    Last Run               Last # of DB Queries
--------------------------------------------  -----  ---------  --------  ----------  --------------  -------------------  ----------------------
/opt/airflow/dags/05_etl_weather_postgres.py                           1           0  0.73s           2026-08-24T07:47:22                      10
/opt/airflow/dags/03_branching_dag.py                                  1           0  0.72s           2026-08-24T07:47:23                      10
/opt/airflow/dags/04_parallel_weather.py                               1           0  0.70s           2026-08-24T07:47:22                      10
/opt/airflow/dags/01_hello_dag.py                                      1           0  0.50s           2026-08-24T07:47:24                      10
/opt/airflow/dags/02_xcom_dag.py                                       1           0  0.45s           2026-08-24T07:47:23                      10
================================================================================
[2026-08-24T07:48:03.597+0000] {manager.py:997} INFO - 
================================================================================
DAG File Processing Stats

File Path                                     PID    Runtime      # DAGs    # Errors  Last Runtime    Last Run               Last # of DB Queries
--------------------------------------------  -----  ---------  --------  ----------  --------------  -------------------  ----------------------
/opt/airflow/dags/05_etl_weather_postgres.py                           1           0  1.25s           2026-08-24T07:47:53                      10
/opt/airflow/dags/04_parallel_weather.py                               1           0  1.18s           2026-08-24T07:47:53                      10
/opt/airflow/dags/01_hello_dag.py                                      1           0  0.67s           2026-08-24T07:47:55                      10
/opt/airflow/dags/02_xcom_dag.py                                       1           0  0.64s           2026-08-24T07:47:55                      10
/opt/airflow/dags/03_branching_dag.py                                  1           0  0.61s           2026-08-24T07:47:54                      10
================================================================================
[2026-08-24T07:48:33.638+0000] {manager.py:997} INFO - 
================================================================================
DAG File Processing Stats

File Path                                     PID    Runtime      # DAGs    # Errors  Last Runtime    Last Run               Last # of DB Queries
--------------------------------------------  -----  ---------  --------  ----------  --------------  -------------------  ----------------------
/opt/airflow/dags/04_parallel_weather.py                               1           0  0.62s           2026-08-24T07:48:24                      10
/opt/airflow/dags/05_etl_weather_postgres.py                           1           0  0.56s           2026-08-24T07:48:24                      10
/opt/airflow/dags/01_hello_dag.py                                      1           0  0.55s           2026-08-24T07:48:26                      10
/opt/airflow/dags/02_xcom_dag.py                                       1           0  0.50s           2026-08-24T07:48:26                      10
/opt/airflow/dags/03_branching_dag.py                                  1           0  0.48s           2026-08-24T07:48:25                      10
================================================================================
[2026-08-24T07:49:03.796+0000] {manager.py:997} INFO - 
================================================================================
DAG File Processing Stats

File Path                                     PID    Runtime      # DAGs    # Errors  Last Runtime    Last Run               Last # of DB Queries
--------------------------------------------  -----  ---------  --------  ----------  --------------  -------------------  ----------------------
/opt/airflow/dags/05_etl_weather_postgres.py                           1           0  0.94s           2026-08-24T07:48:55                      10
/opt/airflow/dags/01_hello_dag.py                                      1           0  0.81s           2026-08-24T07:48:57                      10
/opt/airflow/dags/02_xcom_dag.py                                       1           0  0.76s           2026-08-24T07:48:57                      10
/opt/airflow/dags/03_branching_dag.py                                  1           0  0.73s           2026-08-24T07:48:56                      10
/opt/airflow/dags/04_parallel_weather.py                               1           0  0.72s           2026-08-24T07:48:56                      10
================================================================================
[2026-08-24T07:49:34.218+0000] {manager.py:997} INFO - 
================================================================================
DAG File Processing Stats

File Path                                     PID    Runtime      # DAGs    # Errors  Last Runtime    Last Run               Last # of DB Queries
--------------------------------------------  -----  ---------  --------  ----------  --------------  -------------------  ----------------------
/opt/airflow/dags/04_parallel_weather.py                               1           0  0.70s           2026-08-24T07:49:27                      10
/opt/airflow/dags/05_etl_weather_postgres.py                           1           0  0.60s           2026-08-24T07:49:26                      10
/opt/airflow/dags/03_branching_dag.py                                  1           0  0.55s           2026-08-24T07:49:27                      10
/opt/airflow/dags/02_xcom_dag.py                                       1           0  0.48s           2026-08-24T07:49:27                      10
/opt/airflow/dags/01_hello_dag.py                                      1           0  0.34s           2026-08-24T07:49:28                      10
================================================================================
[2026-08-24T07:50:04.234+0000] {manager.py:997} INFO - 
================================================================================
DAG File Processing Stats

File Path                                     PID    Runtime      # DAGs    # Errors  Last Runtime    Last Run               Last # of DB Queries
--------------------------------------------  -----  ---------  --------  ----------  --------------  -------------------  ----------------------
/opt/airflow/dags/03_branching_dag.py                                  1           0  0.99s           2026-08-24T07:49:58                      10
/opt/airflow/dags/05_etl_weather_postgres.py                           1           0  0.90s           2026-08-24T07:49:57                      10
/opt/airflow/dags/04_parallel_weather.py                               1           0  0.86s           2026-08-24T07:49:58                      10
/opt/airflow/dags/02_xcom_dag.py                                       1           0  0.71s           2026-08-24T07:49:59                      10
/opt/airflow/dags/01_hello_dag.py                                      1           0  0.61s           2026-08-24T07:50:00                      10
================================================================================
[2026-08-24T07:50:23.525+0000] {manager.py:821} INFO - Searching for files in /opt/airflow/dags
[2026-08-24T07:50:23.751+0000] {manager.py:824} INFO - There are 5 files in /opt/airflow/dags
[2026-08-24T07:50:34.609+0000] {manager.py:997} INFO - 
================================================================================
DAG File Processing Stats

File Path                                     PID    Runtime      # DAGs    # Errors  Last Runtime    Last Run               Last # of DB Queries
--------------------------------------------  -----  ---------  --------  ----------  --------------  -------------------  ----------------------
/opt/airflow/dags/05_etl_weather_postgres.py                           1           0  0.85s           2026-08-24T07:50:28                      10
/opt/airflow/dags/01_hello_dag.py                                      1           0  0.70s           2026-08-24T07:50:31                      10
/opt/airflow/dags/03_branching_dag.py                                  1           0  0.70s           2026-08-24T07:50:29                      10
/opt/airflow/dags/04_parallel_weather.py                               1           0  0.61s           2026-08-24T07:50:29                      10
/opt/airflow/dags/02_xcom_dag.py                                       1           0  0.46s           2026-08-24T07:50:30                      10
================================================================================
[2026-08-24T07:51:05.380+0000] {manager.py:997} INFO - 
================================================================================
DAG File Processing Stats

File Path                                     PID    Runtime      # DAGs    # Errors  Last Runtime    Last Run               Last # of DB Queries
--------------------------------------------  -----  ---------  --------  ----------  --------------  -------------------  ----------------------
/opt/airflow/dags/05_etl_weather_postgres.py                           1           0  0.90s           2026-08-24T07:51:00                      10
/opt/airflow/dags/03_branching_dag.py                                  1           0  0.68s           2026-08-24T07:51:00                      10
/opt/airflow/dags/04_parallel_weather.py                               1           0  0.62s           2026-08-24T07:51:00                      10
/opt/airflow/dags/02_xcom_dag.py                                       1           0  0.47s           2026-08-24T07:51:01                      10
/opt/airflow/dags/01_hello_dag.py                                      1           0  0.45s           2026-08-24T07:51:02                      10
================================================================================
[2026-08-24T07:51:35.492+0000] {manager.py:997} INFO - 
================================================================================
DAG File Processing Stats

File Path                                     PID    Runtime      # DAGs    # Errors  Last Runtime    Last Run               Last # of DB Queries
--------------------------------------------  -----  ---------  --------  ----------  --------------  -------------------  ----------------------
/opt/airflow/dags/03_branching_dag.py                                  1           0  0.69s           2026-08-24T07:51:31                      10
/opt/airflow/dags/02_xcom_dag.py                                       1           0  0.64s           2026-08-24T07:51:32                      10
/opt/airflow/dags/04_parallel_weather.py                               1           0  0.64s           2026-08-24T07:51:31                      10
/opt/airflow/dags/01_hello_dag.py                                      1           0  0.57s           2026-08-24T07:51:33                      10
/opt/airflow/dags/05_etl_weather_postgres.py                           1           0  0.57s           2026-08-24T07:51:31                      10
================================================================================
[2026-08-24T07:52:05.678+0000] {manager.py:997} INFO - 
================================================================================
DAG File Processing Stats

File Path                                     PID    Runtime      # DAGs    # Errors  Last Runtime    Last Run               Last # of DB Queries
--------------------------------------------  -----  ---------  --------  ----------  --------------  -------------------  ----------------------
/opt/airflow/dags/03_branching_dag.py                                  1           0  0.36s           2026-08-24T07:52:02                      10
/opt/airflow/dags/05_etl_weather_postgres.py                           1           0  0.25s           2026-08-24T07:52:01                      10
/opt/airflow/dags/04_parallel_weather.py                               1           0  0.20s           2026-08-24T07:52:02                      10
/opt/airflow/dags/01_hello_dag.py                                      1           0  0.18s           2026-08-24T07:52:03                      10
/opt/airflow/dags/02_xcom_dag.py                                       1           0  0.18s           2026-08-24T07:52:03                      10
================================================================================
[2026-08-24T07:52:36.025+0000] {manager.py:997} INFO - 
================================================================================
DAG File Processing Stats

File Path                                     PID    Runtime      # DAGs    # Errors  Last Runtime    Last Run               Last # of DB Queries
--------------------------------------------  -----  ---------  --------  ----------  --------------  -------------------  ----------------------
/opt/airflow/dags/04_parallel_weather.py                               1           0  0.67s           2026-08-24T07:52:33                      10
/opt/airflow/dags/05_etl_weather_postgres.py                           1           0  0.38s           2026-08-24T07:52:32                      10
/opt/airflow/dags/03_branching_dag.py                                  1           0  0.34s           2026-08-24T07:52:33                      10
/opt/airflow/dags/02_xcom_dag.py                                       1           0  0.33s           2026-08-24T07:52:33                      10
/opt/airflow/dags/01_hello_dag.py                                      1           0  0.27s           2026-08-24T07:52:34                      10
================================================================================
[2026-08-24T07:53:06.466+0000] {manager.py:997} INFO - 
================================================================================
DAG File Processing Stats

File Path                                     PID    Runtime      # DAGs    # Errors  Last Runtime    Last Run               Last # of DB Queries
--------------------------------------------  -----  ---------  --------  ----------  --------------  -------------------  ----------------------
/opt/airflow/dags/03_branching_dag.py                                  1           0  0.40s           2026-08-24T07:53:04                      10
/opt/airflow/dags/04_parallel_weather.py                               1           0  0.36s           2026-08-24T07:53:04                      10
/opt/airflow/dags/02_xcom_dag.py                                       1           0  0.29s           2026-08-24T07:53:04                      10
/opt/airflow/dags/01_hello_dag.py                                      1           0  0.26s           2026-08-24T07:53:04                      10
/opt/airflow/dags/05_etl_weather_postgres.py                           1           0  0.19s           2026-08-24T07:53:02                      10
================================================================================
[2026-08-24T07:53:36.781+0000] {manager.py:997} INFO - 
================================================================================
DAG File Processing Stats

File Path                                     PID    Runtime      # DAGs    # Errors  Last Runtime    Last Run               Last # of DB Queries
--------------------------------------------  -----  ---------  --------  ----------  --------------  -------------------  ----------------------
/opt/airflow/dags/05_etl_weather_postgres.py                           1           0  0.54s           2026-08-24T07:53:33                      10
/opt/airflow/dags/04_parallel_weather.py                               1           0  0.47s           2026-08-24T07:53:34                      10
/opt/airflow/dags/03_branching_dag.py                                  1           0  0.44s           2026-08-24T07:53:34                      10
/opt/airflow/dags/01_hello_dag.py                                      1           0  0.29s           2026-08-24T07:53:35                      10
/opt/airflow/dags/02_xcom_dag.py                                       1           0  0.29s           2026-08-24T07:53:35                      10
================================================================================
[2026-08-24T07:54:06.953+0000] {manager.py:997} INFO - 
================================================================================
DAG File Processing Stats

File Path                                     PID    Runtime      # DAGs    # Errors  Last Runtime    Last Run               Last # of DB Queries
--------------------------------------------  -----  ---------  --------  ----------  --------------  -------------------  ----------------------
/opt/airflow/dags/04_parallel_weather.py                               1           0  1.18s           2026-08-24T07:54:06                      10
/opt/airflow/dags/03_branching_dag.py                                  1           0  1.01s           2026-08-24T07:54:06                      10
/opt/airflow/dags/05_etl_weather_postgres.py                           1           0  0.89s           2026-08-24T07:54:04                      10
/opt/airflow/dags/02_xcom_dag.py                                       1           0  0.25s           2026-08-24T07:54:06                      10
/opt/airflow/dags/01_hello_dag.py                                      1           0  0.25s           2026-08-24T07:54:06                      10
================================================================================
[2026-08-24T07:54:37.274+0000] {manager.py:997} INFO - 
================================================================================
DAG File Processing Stats

File Path                                       PID  Runtime      # DAGs    # Errors  Last Runtime    Last Run               Last # of DB Queries
--------------------------------------------  -----  ---------  --------  ----------  --------------  -------------------  ----------------------
/opt/airflow/dags/04_parallel_weather.py        514  0.05s             1           0  1.18s           2026-08-24T07:54:06                      10
/opt/airflow/dags/03_branching_dag.py           515  0.02s             1           0  1.01s           2026-08-24T07:54:06                      10
/opt/airflow/dags/02_xcom_dag.py                                       1           0  0.25s           2026-08-24T07:54:06                      10
/opt/airflow/dags/01_hello_dag.py                                      1           0  0.25s           2026-08-24T07:54:06                      10
/opt/airflow/dags/05_etl_weather_postgres.py                           1           0  0.19s           2026-08-24T07:54:35                      10
================================================================================
[2026-08-24T07:55:07.339+0000] {manager.py:997} INFO - 
================================================================================
DAG File Processing Stats

File Path                                     PID    Runtime      # DAGs    # Errors  Last Runtime    Last Run               Last # of DB Queries
--------------------------------------------  -----  ---------  --------  ----------  --------------  -------------------  ----------------------
/opt/airflow/dags/04_parallel_weather.py                               1           0  0.31s           2026-08-24T07:54:37                      10
/opt/airflow/dags/03_branching_dag.py                                  1           0  0.25s           2026-08-24T07:54:37                      10
/opt/airflow/dags/05_etl_weather_postgres.py                           1           0  0.20s           2026-08-24T07:55:06                      10
/opt/airflow/dags/01_hello_dag.py                                      1           0  0.17s           2026-08-24T07:54:37                      10
/opt/airflow/dags/02_xcom_dag.py                                       1           0  0.17s           2026-08-24T07:54:37                      10
================================================================================
[2026-08-24T07:55:24.061+0000] {manager.py:821} INFO - Searching for files in /opt/airflow/dags
[2026-08-24T07:55:24.150+0000] {manager.py:824} INFO - There are 5 files in /opt/airflow/dags
[2026-08-24T07:55:37.514+0000] {manager.py:997} INFO - 
================================================================================
DAG File Processing Stats

File Path                                     PID    Runtime      # DAGs    # Errors  Last Runtime    Last Run               Last # of DB Queries
--------------------------------------------  -----  ---------  --------  ----------  --------------  -------------------  ----------------------
/opt/airflow/dags/03_branching_dag.py                                  1           0  0.30s           2026-08-24T07:55:08                      10
/opt/airflow/dags/04_parallel_weather.py                               1           0  0.28s           2026-08-24T07:55:08                      10
/opt/airflow/dags/01_hello_dag.py                                      1           0  0.22s           2026-08-24T07:55:09                      10
/opt/airflow/dags/05_etl_weather_postgres.py                           1           0  0.18s           2026-08-24T07:55:36                      10
/opt/airflow/dags/02_xcom_dag.py                                       1           0  0.18s           2026-08-24T07:55:08                      10
================================================================================
[2026-08-24T07:56:07.832+0000] {manager.py:997} INFO - 
================================================================================
DAG File Processing Stats

File Path                                     PID    Runtime      # DAGs    # Errors  Last Runtime    Last Run               Last # of DB Queries
--------------------------------------------  -----  ---------  --------  ----------  --------------  -------------------  ----------------------
/opt/airflow/dags/03_branching_dag.py                                  1           0  0.30s           2026-08-24T07:55:39                      10
/opt/airflow/dags/04_parallel_weather.py                               1           0  0.27s           2026-08-24T07:55:38                      10
/opt/airflow/dags/02_xcom_dag.py                                       1           0  0.19s           2026-08-24T07:55:39                      10
/opt/airflow/dags/05_etl_weather_postgres.py                           1           0  0.19s           2026-08-24T07:56:07                      10
/opt/airflow/dags/01_hello_dag.py                                      1           0  0.16s           2026-08-24T07:55:39                      10
================================================================================
[2026-08-24T07:56:38.162+0000] {manager.py:997} INFO - 
================================================================================
DAG File Processing Stats

File Path                                     PID    Runtime      # DAGs    # Errors  Last Runtime    Last Run               Last # of DB Queries
--------------------------------------------  -----  ---------  --------  ----------  --------------  -------------------  ----------------------
/opt/airflow/dags/05_etl_weather_postgres.py                           1           0  0.42s           2026-08-24T07:56:37                      10
/opt/airflow/dags/02_xcom_dag.py                                       1           0  0.26s           2026-08-24T07:56:09                      10
/opt/airflow/dags/03_branching_dag.py                                  1           0  0.24s           2026-08-24T07:56:09                      10
/opt/airflow/dags/04_parallel_weather.py                               1           0  0.20s           2026-08-24T07:56:09                      10
/opt/airflow/dags/01_hello_dag.py                                      1           0  0.18s           2026-08-24T07:56:09                      10
================================================================================
[2026-08-24T07:57:08.278+0000] {manager.py:997} INFO - 
================================================================================
DAG File Processing Stats

File Path                                     PID    Runtime      # DAGs    # Errors  Last Runtime    Last Run               Last # of DB Queries
--------------------------------------------  -----  ---------  --------  ----------  --------------  -------------------  ----------------------
/opt/airflow/dags/04_parallel_weather.py                               1           0  0.54s           2026-08-24T07:56:40                      10
/opt/airflow/dags/02_xcom_dag.py                                       1           0  0.43s           2026-08-24T07:56:40                      10
/opt/airflow/dags/03_branching_dag.py                                  1           0  0.43s           2026-08-24T07:56:40                      10
/opt/airflow/dags/01_hello_dag.py                                      1           0  0.35s           2026-08-24T07:56:41                      10
/opt/airflow/dags/05_etl_weather_postgres.py                           1           0  0.19s           2026-08-24T07:57:08                      10
================================================================================
[2026-08-24T07:57:38.446+0000] {manager.py:997} INFO - 
================================================================================
DAG File Processing Stats

File Path                                       PID  Runtime      # DAGs    # Errors  Last Runtime    Last Run               Last # of DB Queries
--------------------------------------------  -----  ---------  --------  ----------  --------------  -------------------  ----------------------
/opt/airflow/dags/01_hello_dag.py                                      1           0  0.39s           2026-08-24T07:57:12                      10
/opt/airflow/dags/02_xcom_dag.py                                       1           0  0.38s           2026-08-24T07:57:11                      10
/opt/airflow/dags/03_branching_dag.py                                  1           0  0.26s           2026-08-24T07:57:10                      10
/opt/airflow/dags/04_parallel_weather.py                               1           0  0.26s           2026-08-24T07:57:10                      10
/opt/airflow/dags/05_etl_weather_postgres.py    579  0.01s             1           0  0.19s           2026-08-24T07:57:08                      10
================================================================================
[2026-08-24T07:58:08.753+0000] {manager.py:997} INFO - 
================================================================================
DAG File Processing Stats

File Path                                       PID  Runtime      # DAGs    # Errors  Last Runtime    Last Run               Last # of DB Queries
--------------------------------------------  -----  ---------  --------  ----------  --------------  -------------------  ----------------------
/opt/airflow/dags/03_branching_dag.py                                  1           0  0.31s           2026-08-24T07:57:41                      10
/opt/airflow/dags/04_parallel_weather.py                               1           0  0.31s           2026-08-24T07:57:41                      10
/opt/airflow/dags/01_hello_dag.py                                      1           0  0.28s           2026-08-24T07:57:42                      10
/opt/airflow/dags/02_xcom_dag.py                                       1           0  0.27s           2026-08-24T07:57:42                      10
/opt/airflow/dags/05_etl_weather_postgres.py    590  0.02s             1           0  0.21s           2026-08-24T07:57:38                      10
================================================================================
[2026-08-24T07:58:38.764+0000] {manager.py:997} INFO - 
================================================================================
DAG File Processing Stats

File Path                                     PID    Runtime      # DAGs    # Errors  Last Runtime    Last Run               Last # of DB Queries
--------------------------------------------  -----  ---------  --------  ----------  --------------  -------------------  ----------------------
/opt/airflow/dags/02_xcom_dag.py                                       1           0  0.26s           2026-08-24T07:58:13                      10
/opt/airflow/dags/01_hello_dag.py                                      1           0  0.26s           2026-08-24T07:58:13                      10
/opt/airflow/dags/03_branching_dag.py                                  1           0  0.25s           2026-08-24T07:58:12                      10
/opt/airflow/dags/04_parallel_weather.py                               1           0  0.25s           2026-08-24T07:58:12                      10
/opt/airflow/dags/05_etl_weather_postgres.py                           1           0  0.25s           2026-08-24T07:58:08                      10
================================================================================
[2026-08-24T07:59:09.660+0000] {manager.py:997} INFO - 
================================================================================
DAG File Processing Stats

File Path                                     PID    Runtime      # DAGs    # Errors  Last Runtime    Last Run               Last # of DB Queries
--------------------------------------------  -----  ---------  --------  ----------  --------------  -------------------  ----------------------
/opt/airflow/dags/01_hello_dag.py                                      1           0  0.31s           2026-08-24T07:58:44                      10
/opt/airflow/dags/02_xcom_dag.py                                       1           0  0.29s           2026-08-24T07:58:44                      10
/opt/airflow/dags/04_parallel_weather.py                               1           0  0.28s           2026-08-24T07:58:42                      10
/opt/airflow/dags/03_branching_dag.py                                  1           0  0.23s           2026-08-24T07:58:42                      10
/opt/airflow/dags/05_etl_weather_postgres.py                           1           0  0.18s           2026-08-24T07:58:39                      10
================================================================================
[2026-08-24T07:59:40.020+0000] {manager.py:997} INFO - 
================================================================================
DAG File Processing Stats

File Path                                     PID    Runtime      # DAGs    # Errors  Last Runtime    Last Run               Last # of DB Queries
--------------------------------------------  -----  ---------  --------  ----------  --------------  -------------------  ----------------------
/opt/airflow/dags/05_etl_weather_postgres.py                           1           0  0.35s           2026-08-24T07:59:11                      10
/opt/airflow/dags/02_xcom_dag.py                                       1           0  0.31s           2026-08-24T07:59:14                      10
/opt/airflow/dags/03_branching_dag.py                                  1           0  0.26s           2026-08-24T07:59:13                      10
/opt/airflow/dags/01_hello_dag.py                                      1           0  0.25s           2026-08-24T07:59:14                      10
/opt/airflow/dags/04_parallel_weather.py                               1           0  0.25s           2026-08-24T07:59:13                      10
================================================================================
[2026-08-24T08:00:10.206+0000] {manager.py:997} INFO - 
================================================================================
DAG File Processing Stats

File Path                                     PID    Runtime      # DAGs    # Errors  Last Runtime    Last Run               Last # of DB Queries
--------------------------------------------  -----  ---------  --------  ----------  --------------  -------------------  ----------------------
/opt/airflow/dags/04_parallel_weather.py                               1           0  0.73s           2026-08-24T07:59:44                      10
/opt/airflow/dags/02_xcom_dag.py                                       1           0  0.69s           2026-08-24T07:59:45                      10
/opt/airflow/dags/03_branching_dag.py                                  1           0  0.62s           2026-08-24T07:59:44                      10
/opt/airflow/dags/05_etl_weather_postgres.py                           1           0  0.61s           2026-08-24T07:59:41                      10
/opt/airflow/dags/01_hello_dag.py                                      1           0  0.55s           2026-08-24T07:59:45                      10
================================================================================
[2026-08-24T08:00:24.162+0000] {manager.py:821} INFO - Searching for files in /opt/airflow/dags
[2026-08-24T08:00:24.289+0000] {manager.py:824} INFO - There are 5 files in /opt/airflow/dags
[2026-08-24T08:00:40.621+0000] {manager.py:997} INFO - 
================================================================================
DAG File Processing Stats

File Path                                     PID    Runtime      # DAGs    # Errors  Last Runtime    Last Run               Last # of DB Queries
--------------------------------------------  -----  ---------  --------  ----------  --------------  -------------------  ----------------------
/opt/airflow/dags/01_hello_dag.py                                      1           0  0.54s           2026-08-24T08:00:16                      10
/opt/airflow/dags/02_xcom_dag.py                                       1           0  0.50s           2026-08-24T08:00:16                      10
/opt/airflow/dags/04_parallel_weather.py                               1           0  0.41s           2026-08-24T08:00:14                      10
/opt/airflow/dags/03_branching_dag.py                                  1           0  0.40s           2026-08-24T08:00:14                      10
/opt/airflow/dags/05_etl_weather_postgres.py                           1           0  0.33s           2026-08-24T08:00:12                      10
================================================================================
[2026-08-24T08:01:10.657+0000] {manager.py:997} INFO - 
================================================================================
DAG File Processing Stats

File Path                                     PID    Runtime      # DAGs    # Errors  Last Runtime    Last Run               Last # of DB Queries
--------------------------------------------  -----  ---------  --------  ----------  --------------  -------------------  ----------------------
/opt/airflow/dags/04_parallel_weather.py                               1           0  0.43s           2026-08-24T08:00:45                      10
/opt/airflow/dags/03_branching_dag.py                                  1           0  0.37s           2026-08-24T08:00:45                      10
/opt/airflow/dags/02_xcom_dag.py                                       1           0  0.26s           2026-08-24T08:00:46                      10
/opt/airflow/dags/01_hello_dag.py                                      1           0  0.26s           2026-08-24T08:00:47                      10
/opt/airflow/dags/05_etl_weather_postgres.py                           1           0  0.25s           2026-08-24T08:00:42                      10
================================================================================
[2026-08-24T08:01:40.697+0000] {manager.py:997} INFO - 
================================================================================
DAG File Processing Stats

File Path                                     PID    Runtime      # DAGs    # Errors  Last Runtime    Last Run               Last # of DB Queries
--------------------------------------------  -----  ---------  --------  ----------  --------------  -------------------  ----------------------
/opt/airflow/dags/04_parallel_weather.py                               1           0  0.42s           2026-08-24T08:01:16                      10
/opt/airflow/dags/03_branching_dag.py                                  1           0  0.39s           2026-08-24T08:01:16                      10
/opt/airflow/dags/01_hello_dag.py                                      1           0  0.32s           2026-08-24T08:01:17                      10
/opt/airflow/dags/05_etl_weather_postgres.py                           1           0  0.27s           2026-08-24T08:01:13                      10
/opt/airflow/dags/02_xcom_dag.py                                       1           0  0.26s           2026-08-24T08:01:17                      10
================================================================================
[2026-08-24T08:02:10.788+0000] {manager.py:997} INFO - 
================================================================================
DAG File Processing Stats

File Path                                     PID    Runtime      # DAGs    # Errors  Last Runtime    Last Run               Last # of DB Queries
--------------------------------------------  -----  ---------  --------  ----------  --------------  -------------------  ----------------------
/opt/airflow/dags/05_etl_weather_postgres.py                           1           0  0.62s           2026-08-24T08:01:44                      10
/opt/airflow/dags/04_parallel_weather.py                               1           0  0.50s           2026-08-24T08:01:47                      10
/opt/airflow/dags/03_branching_dag.py                                  1           0  0.48s           2026-08-24T08:01:47                      10
/opt/airflow/dags/01_hello_dag.py                                      1           0  0.47s           2026-08-24T08:01:48                      10
/opt/airflow/dags/02_xcom_dag.py                                       1           0  0.44s           2026-08-24T08:01:48                      10
================================================================================
[2026-08-24T08:02:41.229+0000] {manager.py:997} INFO - 
================================================================================
DAG File Processing Stats

File Path                                     PID    Runtime      # DAGs    # Errors  Last Runtime    Last Run               Last # of DB Queries
--------------------------------------------  -----  ---------  --------  ----------  --------------  -------------------  ----------------------
/opt/airflow/dags/04_parallel_weather.py                               1           0  0.42s           2026-08-24T08:02:17                      10
/opt/airflow/dags/03_branching_dag.py                                  1           0  0.41s           2026-08-24T08:02:17                      10
/opt/airflow/dags/05_etl_weather_postgres.py                           1           0  0.40s           2026-08-24T08:02:15                      10
/opt/airflow/dags/01_hello_dag.py                                      1           0  0.36s           2026-08-24T08:02:18                      10
/opt/airflow/dags/02_xcom_dag.py                                       1           0  0.34s           2026-08-24T08:02:18                      10
================================================================================
[2026-08-24T08:03:11.644+0000] {manager.py:997} INFO - 
================================================================================
DAG File Processing Stats

File Path                                     PID    Runtime      # DAGs    # Errors  Last Runtime    Last Run               Last # of DB Queries
--------------------------------------------  -----  ---------  --------  ----------  --------------  -------------------  ----------------------
/opt/airflow/dags/03_branching_dag.py                                  1           0  0.67s           2026-08-24T08:02:48                      10
/opt/airflow/dags/04_parallel_weather.py                               1           0  0.66s           2026-08-24T08:02:48                      10
/opt/airflow/dags/05_etl_weather_postgres.py                           1           0  0.52s           2026-08-24T08:02:45                      10
/opt/airflow/dags/01_hello_dag.py                                      1           0  0.48s           2026-08-24T08:02:50                      10
/opt/airflow/dags/02_xcom_dag.py                                       1           0  0.44s           2026-08-24T08:02:50                      10
================================================================================
[2026-08-24T08:03:42.314+0000] {manager.py:997} INFO - 
================================================================================
DAG File Processing Stats

File Path                                     PID    Runtime      # DAGs    # Errors  Last Runtime    Last Run               Last # of DB Queries
--------------------------------------------  -----  ---------  --------  ----------  --------------  -------------------  ----------------------
/opt/airflow/dags/01_hello_dag.py                                      1           0  0.49s           2026-08-24T08:03:20                      10
/opt/airflow/dags/03_branching_dag.py                                  1           0  0.48s           2026-08-24T08:03:19                      10
/opt/airflow/dags/04_parallel_weather.py                               1           0  0.47s           2026-08-24T08:03:19                      10
/opt/airflow/dags/02_xcom_dag.py                                       1           0  0.45s           2026-08-24T08:03:20                      10
/opt/airflow/dags/05_etl_weather_postgres.py                           1           0  0.34s           2026-08-24T08:03:17                      10
================================================================================
[2026-08-24T08:04:12.576+0000] {manager.py:997} INFO - 
================================================================================
DAG File Processing Stats

File Path                                     PID    Runtime      # DAGs    # Errors  Last Runtime    Last Run               Last # of DB Queries
--------------------------------------------  -----  ---------  --------  ----------  --------------  -------------------  ----------------------
/opt/airflow/dags/04_parallel_weather.py                               1           0  0.37s           2026-08-24T08:03:49                      10
/opt/airflow/dags/01_hello_dag.py                                      1           0  0.37s           2026-08-24T08:03:51                      10
/opt/airflow/dags/03_branching_dag.py                                  1           0  0.34s           2026-08-24T08:03:50                      10
/opt/airflow/dags/05_etl_weather_postgres.py                           1           0  0.29s           2026-08-24T08:03:47                      10
/opt/airflow/dags/02_xcom_dag.py                                       1           0  0.28s           2026-08-24T08:03:51                      10
================================================================================
[2026-08-24T08:04:42.890+0000] {manager.py:997} INFO - 
================================================================================
DAG File Processing Stats

File Path                                     PID    Runtime      # DAGs    # Errors  Last Runtime    Last Run               Last # of DB Queries
--------------------------------------------  -----  ---------  --------  ----------  --------------  -------------------  ----------------------
/opt/airflow/dags/03_branching_dag.py                                  1           0  0.26s           2026-08-24T08:04:20                      10
/opt/airflow/dags/04_parallel_weather.py                               1           0  0.25s           2026-08-24T08:04:20                      10
/opt/airflow/dags/05_etl_weather_postgres.py                           1           0  0.19s           2026-08-24T08:04:18                      10
/opt/airflow/dags/02_xcom_dag.py                                       1           0  0.18s           2026-08-24T08:04:21                      10
/opt/airflow/dags/01_hello_dag.py                                      1           0  0.18s           2026-08-24T08:04:21                      10
================================================================================
[2026-08-24T08:05:13.214+0000] {manager.py:997} INFO - 
================================================================================
DAG File Processing Stats

File Path                                     PID    Runtime      # DAGs    # Errors  Last Runtime    Last Run               Last # of DB Queries
--------------------------------------------  -----  ---------  --------  ----------  --------------  -------------------  ----------------------
/opt/airflow/dags/01_hello_dag.py                                      1           0  0.60s           2026-08-24T08:04:52                      10
/opt/airflow/dags/02_xcom_dag.py                                       1           0  0.54s           2026-08-24T08:04:52                      10
/opt/airflow/dags/03_branching_dag.py                                  1           0  0.27s           2026-08-24T08:04:51                      10
/opt/airflow/dags/04_parallel_weather.py                               1           0  0.27s           2026-08-24T08:04:51                      10
/opt/airflow/dags/05_etl_weather_postgres.py                           1           0  0.21s           2026-08-24T08:04:49                      10
================================================================================
[2026-08-24T08:05:24.202+0000] {manager.py:821} INFO - Searching for files in /opt/airflow/dags
[2026-08-24T08:05:24.288+0000] {manager.py:824} INFO - There are 5 files in /opt/airflow/dags
[2026-08-24T08:05:43.637+0000] {manager.py:997} INFO - 
================================================================================
DAG File Processing Stats

File Path                                     PID    Runtime      # DAGs    # Errors  Last Runtime    Last Run               Last # of DB Queries
--------------------------------------------  -----  ---------  --------  ----------  --------------  -------------------  ----------------------
/opt/airflow/dags/04_parallel_weather.py                               1           0  0.27s           2026-08-24T08:05:21                      10
/opt/airflow/dags/03_branching_dag.py                                  1           0  0.27s           2026-08-24T08:05:21                      10
/opt/airflow/dags/02_xcom_dag.py                                       1           0  0.22s           2026-08-24T08:05:23                      10
/opt/airflow/dags/01_hello_dag.py                                      1           0  0.22s           2026-08-24T08:05:23                      10
/opt/airflow/dags/05_etl_weather_postgres.py                           1           0  0.20s           2026-08-24T08:05:19                      10
================================================================================
[2026-08-24T08:06:13.692+0000] {manager.py:997} INFO - 
================================================================================
DAG File Processing Stats

File Path                                     PID    Runtime      # DAGs    # Errors  Last Runtime    Last Run               Last # of DB Queries
--------------------------------------------  -----  ---------  --------  ----------  --------------  -------------------  ----------------------
/opt/airflow/dags/05_etl_weather_postgres.py                           1           0  0.35s           2026-08-24T08:05:50                      10
/opt/airflow/dags/03_branching_dag.py                                  1           0  0.28s           2026-08-24T08:05:52                      10
/opt/airflow/dags/04_parallel_weather.py                               1           0  0.28s           2026-08-24T08:05:52                      10
/opt/airflow/dags/01_hello_dag.py                                      1           0  0.24s           2026-08-24T08:05:53                      10
/opt/airflow/dags/02_xcom_dag.py                                       1           0  0.19s           2026-08-24T08:05:53                      10
================================================================================
[2026-08-24T08:06:43.720+0000] {manager.py:997} INFO - 
================================================================================
DAG File Processing Stats

File Path                                     PID    Runtime      # DAGs    # Errors  Last Runtime    Last Run               Last # of DB Queries
--------------------------------------------  -----  ---------  --------  ----------  --------------  -------------------  ----------------------
/opt/airflow/dags/03_branching_dag.py                                  1           0  0.50s           2026-08-24T08:06:22                      10
/opt/airflow/dags/04_parallel_weather.py                               1           0  0.45s           2026-08-24T08:06:22                      10
/opt/airflow/dags/01_hello_dag.py                                      1           0  0.42s           2026-08-24T08:06:24                      10
/opt/airflow/dags/05_etl_weather_postgres.py                           1           0  0.41s           2026-08-24T08:06:21                      10
/opt/airflow/dags/02_xcom_dag.py                                       1           0  0.41s           2026-08-24T08:06:24                      10
================================================================================
[2026-08-24T08:07:13.987+0000] {manager.py:997} INFO - 
================================================================================
DAG File Processing Stats

File Path                                     PID    Runtime      # DAGs    # Errors  Last Runtime    Last Run               Last # of DB Queries
--------------------------------------------  -----  ---------  --------  ----------  --------------  -------------------  ----------------------
/opt/airflow/dags/02_xcom_dag.py                                       1           0  0.40s           2026-08-24T08:06:54                      10
/opt/airflow/dags/01_hello_dag.py                                      1           0  0.40s           2026-08-24T08:06:54                      10
/opt/airflow/dags/04_parallel_weather.py                               1           0  0.31s           2026-08-24T08:06:53                      10
/opt/airflow/dags/03_branching_dag.py                                  1           0  0.30s           2026-08-24T08:06:53                      10
/opt/airflow/dags/05_etl_weather_postgres.py                           1           0  0.19s           2026-08-24T08:06:51                      10
================================================================================
[2026-08-24T08:07:44.036+0000] {manager.py:997} INFO - 
================================================================================
DAG File Processing Stats

File Path                                     PID    Runtime      # DAGs    # Errors  Last Runtime    Last Run               Last # of DB Queries
--------------------------------------------  -----  ---------  --------  ----------  --------------  -------------------  ----------------------
/opt/airflow/dags/01_hello_dag.py                                      1           0  0.29s           2026-08-24T08:07:25                      10
/opt/airflow/dags/02_xcom_dag.py                                       1           0  0.29s           2026-08-24T08:07:25                      10
/opt/airflow/dags/04_parallel_weather.py                               1           0  0.21s           2026-08-24T08:07:23                      10
/opt/airflow/dags/05_etl_weather_postgres.py                           1           0  0.20s           2026-08-24T08:07:22                      10
/opt/airflow/dags/03_branching_dag.py                                  1           0  0.20s           2026-08-24T08:07:23                      10
================================================================================
[2026-08-24T08:07:50.544+0000] {manager.py:465} INFO - Exiting gracefully upon receiving signal 15
